Cement,BlastFurnaceSlag,FlyAsh,Water,Superplasticizer,CoarseAggregate,FineAggregate,Age,Strength,clusters
540.0,0.0,0.0,162.0,2.5,1040.0,676.0,28.0,79.98611076,0
540.0,0.0,0.0,162.0,2.5,1055.0,676.0,28.0,61.88736576,0
332.5,142.5,0.0,228.0,0.0,932.0,594.0,270.0,40.26953526,0
332.5,142.5,0.0,228.0,0.0,932.0,594.0,365.0,41.05277999,0
198.6,132.4,0.0,192.0,0.0,978.4,825.5,360.0,44.2960751,0
266.0,114.0,0.0,228.0,0.0,932.0,670.0,90.0,47.02984744,0
380.0,95.0,0.0,228.0,0.0,932.0,594.0,365.0,43.6982994,0
380.0,95.0,0.0,228.0,0.0,932.0,594.0,28.0,36.44776979,0
266.0,114.0,0.0,228.0,0.0,932.0,670.0,28.0,45.85429086,0
475.0,0.0,0.0,228.0,0.0,932.0,594.0,28.0,39.28978986,0
198.6,132.4,0.0,192.0,0.0,978.4,825.5,90.0,38.07424367,0
198.6,132.4,0.0,192.0,0.0,978.4,825.5,28.0,28.02168359,0
427.5,47.5,0.0,228.0,0.0,932.0,594.0,270.0,43.01296026,0
190.0,190.0,0.0,228.0,0.0,932.0,670.0,90.0,42.32693164,0
304.0,76.0,0.0,228.0,0.0,932.0,670.0,28.0,47.81378165,0
380.0,0.0,0.0,228.0,0.0,932.0,670.0,90.0,52.90831981,0
139.6,209.4,0.0,192.0,0.0,1047.0,806.9,90.0,39.35804798,0
342.0,38.0,0.0,228.0,0.0,932.0,670.0,365.0,56.14196225,0
380.0,95.0,0.0,228.0,0.0,932.0,594.0,90.0,40.56325203,0
475.0,0.0,0.0,228.0,0.0,932.0,594.0,180.0,42.62064842,0
427.5,47.5,0.0,228.0,0.0,932.0,594.0,180.0,41.8367142,0
139.6,209.4,0.0,192.0,0.0,1047.0,806.9,28.0,28.23748958,0
139.6,209.4,0.0,192.0,0.0,1047.0,806.9,3.0,8.06342182,0
139.6,209.4,0.0,192.0,0.0,1047.0,806.9,180.0,44.20782217,0
380.0,0.0,0.0,228.0,0.0,932.0,670.0,365.0,52.51669744,0
380.0,0.0,0.0,228.0,0.0,932.0,670.0,270.0,53.30063166,0
380.0,95.0,0.0,228.0,0.0,932.0,594.0,270.0,41.15137506,0
342.0,38.0,0.0,228.0,0.0,932.0,670.0,180.0,52.1243856,0
427.5,47.5,0.0,228.0,0.0,932.0,594.0,28.0,37.42751518,0
475.0,0.0,0.0,228.0,0.0,932.0,594.0,7.0,38.60376124,0
304.0,76.0,0.0,228.0,0.0,932.0,670.0,365.0,55.26012245,0
266.0,114.0,0.0,228.0,0.0,932.0,670.0,365.0,52.90831981,0
198.6,132.4,0.0,192.0,0.0,978.4,825.5,180.0,41.71950328,0
475.0,0.0,0.0,228.0,0.0,932.0,594.0,270.0,42.13112046,0
190.0,190.0,0.0,228.0,0.0,932.0,670.0,365.0,53.69225402,0
237.5,237.5,0.0,228.0,0.0,932.0,594.0,270.0,38.40795006,0
237.5,237.5,0.0,228.0,0.0,932.0,594.0,28.0,30.07976945,0
332.5,142.5,0.0,228.0,0.0,932.0,594.0,90.0,37.72192144,0
475.0,0.0,0.0,228.0,0.0,932.0,594.0,90.0,42.22902605,0
237.5,237.5,0.0,228.0,0.0,932.0,594.0,180.0,36.2519586,0
342.0,38.0,0.0,228.0,0.0,932.0,670.0,90.0,50.45930106,0
427.5,47.5,0.0,228.0,0.0,932.0,594.0,365.0,43.6982994,0
237.5,237.5,0.0,228.0,0.0,932.0,594.0,365.0,38.99538361,0
380.0,0.0,0.0,228.0,0.0,932.0,670.0,180.0,53.104131,0
427.5,47.5,0.0,228.0,0.0,932.0,594.0,90.0,41.54299743,0
427.5,47.5,0.0,228.0,0.0,932.0,594.0,7.0,35.07640202,0
349.0,0.0,0.0,192.0,0.0,1047.0,806.9,3.0,15.04919265,0
380.0,95.0,0.0,228.0,0.0,932.0,594.0,180.0,40.75906322,0
237.5,237.5,0.0,228.0,0.0,932.0,594.0,7.0,26.25800398,0
380.0,95.0,0.0,228.0,0.0,932.0,594.0,7.0,32.82319446,0
332.5,142.5,0.0,228.0,0.0,932.0,594.0,180.0,39.77931782,0
190.0,190.0,0.0,228.0,0.0,932.0,670.0,180.0,46.93194184,0
237.5,237.5,0.0,228.0,0.0,932.0,594.0,90.0,33.11691123,0
304.0,76.0,0.0,228.0,0.0,932.0,670.0,90.0,49.18514941,0
139.6,209.4,0.0,192.0,0.0,1047.0,806.9,7.0,14.58931216,0
198.6,132.4,0.0,192.0,0.0,978.4,825.5,7.0,14.63826496,0
475.0,0.0,0.0,228.0,0.0,932.0,594.0,365.0,41.9346198,0
198.6,132.4,0.0,192.0,0.0,978.4,825.5,3.0,9.131420144,0
304.0,76.0,0.0,228.0,0.0,932.0,670.0,180.0,50.94882902,0
332.5,142.5,0.0,228.0,0.0,932.0,594.0,28.0,33.01900564,0
304.0,76.0,0.0,228.0,0.0,932.0,670.0,270.0,54.37828264,0
266.0,114.0,0.0,228.0,0.0,932.0,670.0,270.0,51.73276323,0
310.0,0.0,0.0,192.0,0.0,971.0,850.6,3.0,9.86640156,0
190.0,190.0,0.0,228.0,0.0,932.0,670.0,270.0,50.65511224,0
266.0,114.0,0.0,228.0,0.0,932.0,670.0,180.0,48.69562145,0
342.0,38.0,0.0,228.0,0.0,932.0,670.0,270.0,55.06431126,0
139.6,209.4,0.0,192.0,0.0,1047.0,806.9,360.0,44.6980396,0
332.5,142.5,0.0,228.0,0.0,932.0,594.0,7.0,30.27558064,0
190.0,190.0,0.0,228.0,0.0,932.0,670.0,28.0,40.85696881,0
485.0,0.0,0.0,146.0,0.0,1120.0,800.0,28.0,71.98818916,0
374.0,189.2,0.0,170.1,10.1,926.1,756.7,3.0,34.39795764,0
313.3,262.2,0.0,175.5,8.6,1046.9,611.8,3.0,28.79941252,0
425.0,106.3,0.0,153.5,16.5,852.1,887.1,3.0,33.39821744,0
425.0,106.3,0.0,151.4,18.6,936.0,803.7,3.0,36.3009114,0
375.0,93.8,0.0,126.6,23.4,852.1,992.6,3.0,28.99936056,0
475.0,118.8,0.0,181.1,8.9,852.1,781.5,3.0,37.79707432,0
469.0,117.2,0.0,137.8,32.2,852.1,840.5,3.0,40.1964508,0
425.0,106.3,0.0,153.5,16.5,852.1,887.1,3.0,33.39821744,0
388.6,97.1,0.0,157.9,12.1,852.1,925.7,3.0,28.096147,0
531.3,0.0,0.0,141.8,28.2,852.1,893.7,3.0,41.2996124,0
425.0,106.3,0.0,153.5,16.5,852.1,887.1,3.0,33.39821744,0
318.8,212.5,0.0,155.7,14.3,852.1,880.4,3.0,25.2003478,0
401.8,94.7,0.0,147.4,11.4,946.8,852.1,3.0,41.09966436,0
362.6,189.0,0.0,164.9,11.6,944.7,755.8,3.0,35.30117120000001,0
323.7,282.8,0.0,183.8,10.3,942.7,659.9,3.0,28.29609504,0
379.5,151.2,0.0,153.9,15.9,1134.3,605.0,3.0,28.59946448,0
362.6,189.0,0.0,164.9,11.6,944.7,755.8,3.0,35.30117120000001,0
286.3,200.9,0.0,144.7,11.2,1004.6,803.7,3.0,24.40055564,0
362.6,189.0,0.0,164.9,11.6,944.7,755.8,3.0,35.30117120000001,0
439.0,177.0,0.0,186.0,11.1,884.9,707.9,3.0,39.300132,0
389.9,189.0,0.0,145.9,22.0,944.7,755.8,3.0,40.59634688,0
362.6,189.0,0.0,164.9,11.6,944.7,755.8,3.0,35.30117120000001,0
337.9,189.0,0.0,174.9,9.5,944.7,755.8,3.0,24.0971862,0
374.0,189.2,0.0,170.1,10.1,926.1,756.7,7.0,46.20178676,0
313.3,262.2,0.0,175.5,8.6,1046.9,611.8,7.0,42.79577532,0
425.0,106.3,0.0,153.5,16.5,852.1,887.1,7.0,49.20100736,0
425.0,106.3,0.0,151.4,18.6,936.0,803.7,7.0,46.80163088,0
375.0,93.8,0.0,126.6,23.4,852.1,992.6,7.0,45.69846928,0
475.0,118.8,0.0,181.1,8.9,852.1,781.5,7.0,55.59934464,0
469.0,117.2,0.0,137.8,32.2,852.1,840.5,7.0,54.89607912,0
425.0,106.3,0.0,153.5,16.5,852.1,887.1,7.0,49.20100736,0
388.6,97.1,0.0,157.9,12.1,852.1,925.7,7.0,34.90127512,0
531.3,0.0,0.0,141.8,28.2,852.1,893.7,7.0,46.89815752,0
425.0,106.3,0.0,153.5,16.5,852.1,887.1,7.0,49.20100736,0
318.8,212.5,0.0,155.7,14.3,852.1,880.4,7.0,33.39821744,0
401.8,94.7,0.0,147.4,11.4,946.8,852.1,7.0,54.09628696,0
362.6,189.0,0.0,164.9,11.6,944.7,755.8,7.0,55.89581932,0
323.7,282.8,0.0,183.8,10.3,942.7,659.9,7.0,49.80085148,0
379.5,151.2,0.0,153.9,15.9,1134.3,605.0,7.0,47.09810556,0
362.6,189.0,0.0,164.9,11.6,944.7,755.8,7.0,55.89581932,0
286.3,200.9,0.0,144.7,11.2,1004.6,803.7,7.0,37.99702236,0
362.6,189.0,0.0,164.9,11.6,944.7,755.8,7.0,55.89581932,0
439.0,177.0,0.0,186.0,11.1,884.9,707.9,7.0,56.09576736,0
389.9,189.0,0.0,145.9,22.0,944.7,755.8,7.0,59.09498796,0
362.6,189.0,0.0,164.9,11.6,944.7,755.8,7.0,22.89749796,0
337.9,189.0,0.0,174.9,9.5,944.7,755.8,7.0,35.10122316,0
374.0,189.2,0.0,170.1,10.1,926.1,756.7,28.0,61.09446836,0
313.3,262.2,0.0,175.5,8.6,1046.9,611.8,28.0,59.79825348,0
425.0,106.3,0.0,153.5,16.5,852.1,887.1,28.0,60.2946762,0
425.0,106.3,0.0,151.4,18.6,936.0,803.7,28.0,61.79773388,0
375.0,93.8,0.0,126.6,23.4,852.1,992.6,28.0,56.69561148,0
475.0,118.8,0.0,181.1,8.9,852.1,781.5,28.0,68.29949256,0
469.0,117.2,0.0,137.8,32.2,852.1,840.5,28.0,66.89985628,0
425.0,106.3,0.0,153.5,16.5,852.1,887.1,28.0,60.2946762,0
388.6,97.1,0.0,157.9,12.1,852.1,925.7,28.0,50.69717028,0
531.3,0.0,0.0,141.8,28.2,852.1,893.7,28.0,56.3991368,0
425.0,106.3,0.0,153.5,16.5,852.1,887.1,28.0,60.2946762,0
318.8,212.5,0.0,155.7,14.3,852.1,880.4,28.0,55.49592324,0
401.8,94.7,0.0,147.4,11.4,946.8,852.1,28.0,68.4994406,0
362.6,189.0,0.0,164.9,11.6,944.7,755.8,28.0,71.29871316,0
323.7,282.8,0.0,183.8,10.3,942.7,659.9,28.0,74.69782984,0
379.5,151.2,0.0,153.9,15.9,1134.3,605.0,28.0,52.20022796,0
362.6,189.0,0.0,164.9,11.6,944.7,755.8,28.0,71.29871316,0
286.3,200.9,0.0,144.7,11.2,1004.6,803.7,28.0,67.69964844,0
362.6,189.0,0.0,164.9,11.6,944.7,755.8,28.0,71.29871316,0
439.0,177.0,0.0,186.0,11.1,884.9,707.9,28.0,65.99664272,0
389.9,189.0,0.0,145.9,22.0,944.7,755.8,28.0,74.4978818,0
362.6,189.0,0.0,164.9,11.6,944.7,755.8,28.0,71.29871316,0
337.9,189.0,0.0,174.9,9.5,944.7,755.8,28.0,49.89737812,0
374.0,189.2,0.0,170.1,10.1,926.1,756.7,56.0,63.3973182,0
313.3,262.2,0.0,175.5,8.6,1046.9,611.8,56.0,64.90037588,0
425.0,106.3,0.0,153.5,16.5,852.1,887.1,56.0,64.30053176,0
425.0,106.3,0.0,151.4,18.6,936.0,803.7,56.0,64.90037588,0
375.0,93.8,0.0,126.6,23.4,852.1,992.6,56.0,60.19814956,0
475.0,118.8,0.0,181.1,8.9,852.1,781.5,56.0,72.29845336,0
469.0,117.2,0.0,137.8,32.2,852.1,840.5,56.0,69.29923276,0
425.0,106.3,0.0,153.5,16.5,852.1,887.1,56.0,64.30053176,0
388.6,97.1,0.0,157.9,12.1,852.1,925.7,56.0,55.19944856,0
531.3,0.0,0.0,141.8,28.2,852.1,893.7,56.0,58.79851328,0
425.0,106.3,0.0,153.5,16.5,852.1,887.1,56.0,64.30053176,0
318.8,212.5,0.0,155.7,14.3,852.1,880.4,56.0,66.10006412,0
401.8,94.7,0.0,147.4,11.4,946.8,852.1,56.0,73.69808964,0
362.6,189.0,0.0,164.9,11.6,944.7,755.8,56.0,77.29715436,0
323.7,282.8,0.0,183.8,10.3,942.7,659.9,56.0,80.19984832,0
379.5,151.2,0.0,153.9,15.9,1134.3,605.0,56.0,54.89607912,0
362.6,189.0,0.0,164.9,11.6,944.7,755.8,56.0,77.29715436,0
286.3,200.9,0.0,144.7,11.2,1004.6,803.7,56.0,72.99482412,0
362.6,189.0,0.0,164.9,11.6,944.7,755.8,56.0,77.29715436,0
439.0,177.0,0.0,186.0,11.1,884.9,707.9,56.0,71.69860924,0
389.9,189.0,0.0,145.9,22.0,944.7,755.8,56.0,79.40005616,0
362.6,189.0,0.0,164.9,11.6,944.7,755.8,56.0,77.29715436,0
337.9,189.0,0.0,174.9,9.5,944.7,755.8,56.0,59.89478012,0
374.0,189.2,0.0,170.1,10.1,926.1,756.7,91.0,64.90037588,0
313.3,262.2,0.0,175.5,8.6,1046.9,611.8,91.0,66.59648684,0
425.0,106.3,0.0,153.5,16.5,852.1,887.1,91.0,65.19685056,0
425.0,106.3,0.0,151.4,18.6,936.0,803.7,91.0,66.69990824,0
375.0,93.8,0.0,126.6,23.4,852.1,992.6,91.0,62.5009994,0
475.0,118.8,0.0,181.1,8.9,852.1,781.5,91.0,74.19451236,0
469.0,117.2,0.0,137.8,32.2,852.1,840.5,91.0,70.69886904,0
425.0,106.3,0.0,153.5,16.5,852.1,887.1,91.0,65.19685056,0
388.6,97.1,0.0,157.9,12.1,852.1,925.7,91.0,57.59882504,0
531.3,0.0,0.0,141.8,28.2,852.1,893.7,91.0,59.19840936,0
425.0,106.3,0.0,153.5,16.5,852.1,887.1,91.0,65.19685056,0
318.8,212.5,0.0,155.7,14.3,852.1,880.4,91.0,68.09954452,0
401.8,94.7,0.0,147.4,11.4,946.8,852.1,91.0,75.49762199999998,0
362.6,189.0,0.0,164.9,11.6,944.7,755.8,91.0,79.29663476,0
379.5,151.2,0.0,153.9,15.9,1134.3,605.0,91.0,56.49566344,0
362.6,189.0,0.0,164.9,11.6,944.7,755.8,91.0,79.29663476,0
286.3,200.9,0.0,144.7,11.2,1004.6,803.7,91.0,76.80073164,0
362.6,189.0,0.0,164.9,11.6,944.7,755.8,91.0,79.29663476,0
439.0,177.0,0.0,186.0,11.1,884.9,707.9,91.0,73.29819356,0
389.9,189.0,0.0,145.9,22.0,944.7,755.8,91.0,82.5992248,0
362.6,189.0,0.0,164.9,11.6,944.7,755.8,91.0,79.29663476,0
337.9,189.0,0.0,174.9,9.5,944.7,755.8,91.0,67.79617508,0
222.36,0.0,96.67,189.29,4.46,967.08,870.32,3.0,11.57630204,0
222.36,0.0,96.67,189.29,4.46,967.08,870.32,14.0,24.44881896,0
222.36,0.0,96.67,189.29,4.46,967.08,870.32,28.0,24.8900836,0
222.36,0.0,96.67,189.29,4.46,967.08,870.32,56.0,29.44751996,0
222.36,0.0,96.67,189.29,4.46,967.08,870.32,100.0,40.7135578,0
233.81,0.0,94.58,197.89,4.567,947.04,852.16,3.0,10.38350856,0
233.81,0.0,94.58,197.89,4.567,947.04,852.16,14.0,22.13907436,0
233.81,0.0,94.58,197.89,4.567,947.04,852.16,28.0,22.83544512,0
233.81,0.0,94.58,197.89,4.567,947.04,852.16,56.0,27.66177712,0
233.81,0.0,94.58,197.89,4.567,947.04,852.16,100.0,34.55653712,0
194.68,0.0,100.52,165.62,7.48,1006.4,905.9,3.0,12.45193656,0
194.68,0.0,100.52,165.62,7.48,1006.4,905.9,14.0,24.98661024,0
194.68,0.0,100.52,165.62,7.48,1006.4,905.9,28.0,25.72434956,0
194.68,0.0,100.52,165.62,7.48,1006.4,905.9,56.0,33.96358776,0
194.68,0.0,100.52,165.62,7.48,1006.4,905.9,100.0,37.34202016,0
190.68,0.0,125.4,162.14,7.77,1090.0,804.01,3.0,15.04436632,0
190.68,0.0,125.4,162.14,7.77,1090.0,804.01,14.0,21.0634918,0
190.68,0.0,125.4,162.14,7.77,1090.0,804.01,28.0,26.40003604,0
190.68,0.0,125.4,162.14,7.77,1090.0,804.01,56.0,35.34253976,0
190.68,0.0,125.4,162.14,7.77,1090.0,804.01,100.0,40.56876784,0
212.07,0.0,121.62,180.31,5.69,1057.6,779.32,3.0,12.47262084,0
212.07,0.0,121.62,180.31,5.69,1057.6,779.32,14.0,20.91870184,0
295.71,0.0,95.64,171.54,8.87,955.14,859.2,3.0,22.94576128,0
295.71,0.0,95.64,171.54,8.87,955.14,859.2,14.0,35.23222360000001,0
295.71,0.0,95.64,171.54,8.87,955.14,859.2,28.0,39.94134468,0
295.71,0.0,95.64,171.54,8.87,955.14,859.2,56.0,48.71837416,0
295.71,0.0,95.64,171.54,8.87,955.14,859.2,100.0,52.04164848,0
251.81,0.0,99.94,146.14,12.35,1006.0,899.76,3.0,21.02212324,0
251.81,0.0,99.94,146.14,12.35,1006.0,899.76,14.0,33.35684888,0
251.81,0.0,99.94,146.14,12.35,1006.0,899.76,28.0,33.94290348,0
251.81,0.0,99.94,146.14,12.35,1006.0,899.76,56.0,44.14025352,0
251.81,0.0,99.94,146.14,12.35,1006.0,899.76,100.0,45.3675208,0
249.1,0.0,98.75,158.11,12.8,987.76,889.01,3.0,15.36152528,0
249.1,0.0,98.75,158.11,12.8,987.76,889.01,14.0,28.6822016,0
249.1,0.0,98.75,158.11,12.8,987.76,889.01,28.0,30.84715624,0
249.1,0.0,98.75,158.11,12.8,987.76,889.01,56.0,42.03045696,0
249.1,0.0,98.75,158.11,12.8,987.76,889.01,100.0,51.0556978,0
252.31,0.0,98.75,146.25,14.17,987.76,889.01,3.0,21.78054684,0
252.31,0.0,98.75,146.25,14.17,987.76,889.01,14.0,42.29245784,0
252.31,0.0,98.75,146.25,14.17,987.76,889.01,28.0,50.60064364,0
252.31,0.0,98.75,146.25,14.17,987.76,889.01,56.0,55.82687172,0
252.31,0.0,98.75,146.25,14.17,987.76,889.01,100.0,60.9496784,0
246.83,0.0,125.08,143.3,11.99,1086.8,800.89,3.0,23.52492112,0
246.83,0.0,125.08,143.3,11.99,1086.8,800.89,14.0,42.21661548,0
246.83,0.0,125.08,143.3,11.99,1086.8,800.89,28.0,52.50359739999999,0
246.83,0.0,125.08,143.3,11.99,1086.8,800.89,56.0,60.32225524,0
246.83,0.0,125.08,143.3,11.99,1086.8,800.89,100.0,66.42411784,0
275.07,0.0,121.35,159.48,9.9,1053.6,777.5,3.0,23.80071152,0
275.07,0.0,121.35,159.48,9.9,1053.6,777.5,14.0,38.76923548,0
275.07,0.0,121.35,159.48,9.9,1053.6,777.5,28.0,51.3314882,0
275.07,0.0,121.35,159.48,9.9,1053.6,777.5,56.0,56.8472962,0
275.07,0.0,121.35,159.48,9.9,1053.6,777.5,100.0,58.60546,0
297.16,0.0,117.54,174.8,9.52,1022.8,753.45,3.0,21.91154728,0
297.16,0.0,117.54,174.8,9.52,1022.8,753.45,14.0,36.9903874,0
297.16,0.0,117.54,174.8,9.52,1022.8,753.45,28.0,47.401475,0
297.16,0.0,117.54,174.8,9.52,1022.8,753.45,56.0,51.95891136,0
297.16,0.0,117.54,174.8,9.52,1022.8,753.45,100.0,56.7438748,0
213.74,0.0,174.74,154.79,10.16,1053.5,776.35,3.0,17.57474324,0
213.74,0.0,174.74,154.79,10.16,1053.5,776.35,14.0,33.72916592,0
213.74,0.0,174.74,154.79,10.16,1053.5,776.35,28.0,40.14818748,0
213.74,0.0,174.74,154.79,10.16,1053.5,776.35,56.0,46.6430514,0
213.74,0.0,174.74,154.79,10.16,1053.5,776.35,100.0,50.07664188,0
213.5,0.0,174.24,154.61,11.66,1052.3,775.48,3.0,17.36790044,0
213.5,0.0,174.24,154.61,11.66,1052.3,775.48,14.0,33.70158688,0
213.5,0.0,174.24,154.61,11.66,1052.3,775.48,28.0,45.93978588,0
213.5,0.0,174.24,154.61,11.66,1052.3,775.48,56.0,51.43490960000001,0
213.5,0.0,174.24,154.61,11.66,1052.3,775.48,100.0,59.30183076,0
277.19,97.82,24.46,160.7,11.19,1061.7,782.46,3.0,30.44726016,0
277.19,97.82,24.46,160.7,11.19,1061.7,782.46,14.0,47.7117392,0
277.19,97.82,24.46,160.7,11.19,1061.7,782.46,28.0,63.14221208,0
277.19,97.82,24.46,160.7,11.19,1061.7,782.46,56.0,66.82401392,0
277.19,97.82,24.46,160.7,11.19,1061.7,782.46,100.0,66.9481196,0
218.23,54.64,123.78,140.75,11.91,1075.7,792.67,3.0,27.42046052,0
218.23,54.64,123.78,140.75,11.91,1075.7,792.67,14.0,35.9561734,0
218.23,54.64,123.78,140.75,11.91,1075.7,792.67,28.0,55.50971276,0
218.23,54.64,123.78,140.75,11.91,1075.7,792.67,56.0,61.99078716,0
218.23,54.64,123.78,140.75,11.91,1075.7,792.67,100.0,63.52831864,0
214.9,53.8,121.89,155.63,9.61,1014.3,780.58,3.0,18.01600788,0
214.9,53.8,121.89,155.63,9.61,1014.3,780.58,14.0,38.60376124,0
214.9,53.8,121.89,155.63,9.61,1014.3,780.58,28.0,52.20022796,0
214.9,53.8,121.89,155.63,9.61,1014.3,780.58,56.0,53.95839176,0
214.9,53.8,121.89,155.63,9.61,1014.3,780.58,100.0,56.63355864,0
218.85,0.0,124.13,158.49,11.33,1078.7,794.91,3.0,15.340841,0
218.85,0.0,124.13,158.49,11.33,1078.7,794.91,14.0,26.04840328,0
218.85,0.0,124.13,158.49,11.33,1078.7,794.91,28.0,30.21973308,0
218.85,0.0,124.13,158.49,11.33,1078.7,794.91,56.0,37.2661778,0
218.85,0.0,124.13,158.49,11.33,1078.7,794.91,100.0,46.2293658,0
376.0,0.0,0.0,214.6,0.0,1003.5,762.36,3.0,16.27852836,0
376.0,0.0,0.0,214.6,0.0,1003.5,762.36,14.0,25.62092816,0
376.0,0.0,0.0,214.6,0.0,1003.5,762.36,28.0,31.97100212,0
376.0,0.0,0.0,214.6,0.0,1003.5,762.36,56.0,36.3009114,0
376.0,0.0,0.0,214.6,0.0,1003.5,762.36,100.0,43.057776200000006,0
500.0,0.0,0.0,140.0,4.0,966.0,853.0,28.0,67.568648,0
475.0,0.0,59.0,142.0,1.9,1098.0,641.0,28.0,57.226508,0
315.0,137.0,0.0,145.0,5.9,1130.0,745.0,28.0,81.75116932,0
505.0,0.0,60.0,195.0,0.0,1030.0,630.0,28.0,64.0178466,0
451.0,0.0,0.0,165.0,11.25,1030.0,745.0,28.0,78.80021204,0
516.0,0.0,0.0,162.0,8.2,801.0,802.0,28.0,41.36856,0
520.0,0.0,0.0,170.0,5.2,855.0,855.0,28.0,60.28088668,0
528.0,0.0,0.0,185.0,6.86,920.0,720.0,28.0,56.83350668,0
520.0,0.0,0.0,175.0,5.2,870.0,805.0,28.0,51.021224,0
385.0,0.0,136.0,158.0,20.0,903.0,768.0,28.0,55.55108132,0
500.1,0.0,0.0,200.0,3.0,1124.4,613.2,28.0,44.13335876,0
450.1,50.0,0.0,200.0,3.0,1124.4,613.2,28.0,39.37597436,0
397.0,17.2,158.0,167.0,20.8,967.0,633.0,28.0,55.64760796,0
333.0,17.5,163.0,167.0,17.9,996.0,652.0,28.0,47.27736932,0
334.0,17.6,158.0,189.0,15.3,967.0,633.0,28.0,44.32641204,0
405.0,0.0,0.0,175.0,0.0,1120.0,695.0,28.0,52.30364936,0
200.0,200.0,0.0,190.0,0.0,1145.0,660.0,28.0,49.24927068,0
516.0,0.0,0.0,162.0,8.26,801.0,802.0,28.0,41.36856,0
145.0,116.0,119.0,184.0,5.7,833.0,880.0,28.0,29.15794004,0
160.0,128.0,122.0,182.0,6.4,824.0,879.0,28.0,39.39665864,0
234.0,156.0,0.0,189.0,5.85,981.0,760.0,28.0,39.300132,0
250.0,180.0,95.0,159.0,9.45,860.0,800.0,28.0,67.86512268,0
475.0,0.0,0.0,162.0,9.5,1044.0,662.0,28.0,58.52272288,0
285.0,190.0,0.0,163.0,7.6,1031.0,685.0,28.0,53.57917996,0
356.0,119.0,0.0,160.0,9.03,1061.0,657.0,28.0,58.99846132,0
275.0,180.0,120.0,162.0,10.35,830.0,765.0,28.0,76.23536132,0
500.0,0.0,0.0,151.0,9.0,1033.0,655.0,28.0,69.83702404,0
165.0,0.02,143.57,163.81,0.0,1005.6,900.9,3.0,14.39625888,0
165.0,128.5,132.1,175.06,8.08,1005.8,746.6,3.0,19.41564416,0
178.03,129.8,118.6,179.94,3.57,1007.3,746.8,3.0,20.72564856,0
167.35,129.9,128.62,175.46,7.79,1006.3,746.6,3.0,14.94094492,0
172.38,13.61,172.37,156.76,4.14,1006.3,856.4,3.0,21.29101888,0
173.54,50.05,173.53,164.77,6.47,1006.2,793.5,3.0,23.07676172,0
167.0,75.4,167.0,164.03,7.91,1007.3,770.1,3.0,15.52010476,0
173.81,93.37,159.9,172.34,9.73,1007.2,746.6,3.0,15.81657944,0
190.34,0.0,125.18,166.61,9.88,1079.0,798.9,3.0,12.5484632,0
250.0,0.0,95.69,191.84,5.33,948.9,857.2,3.0,8.48744956,0
213.5,0.0,174.24,159.21,11.66,1043.6,771.9,3.0,15.60973664,0
194.68,0.0,100.52,170.17,7.48,998.0,901.8,3.0,12.17614616,0
251.37,0.0,118.27,192.94,5.75,1043.6,754.3,3.0,11.98309288,0
165.0,0.02,143.57,163.81,0.0,1005.6,900.9,14.0,16.87837248,0
165.0,128.5,132.1,175.06,8.08,1005.8,746.6,14.0,33.08795324,0
178.03,129.8,118.6,179.94,3.57,1007.3,746.8,14.0,34.23937816,0
167.35,129.9,128.62,175.46,7.79,1006.3,746.6,14.0,31.81242264,0
172.38,13.61,172.37,156.76,4.14,1006.3,856.4,14.0,29.7508894,0
173.54,50.05,173.53,164.77,6.47,1006.2,793.5,14.0,33.00521612,0
167.0,75.4,167.0,164.03,7.91,1007.3,770.1,14.0,32.90179472,0
173.81,93.37,159.9,172.34,9.73,1007.2,746.6,14.0,29.55094136,0
190.34,0.0,125.18,166.61,9.88,1079.0,798.9,14.0,19.41564416,0
250.0,0.0,95.69,191.84,5.33,948.9,857.2,14.0,24.65566176,0
213.5,0.0,174.24,159.21,11.66,1043.6,771.9,14.0,29.59230992,0
194.68,0.0,100.52,170.17,7.48,998.0,901.8,14.0,24.28334472,0
251.37,0.0,118.27,192.94,5.75,1043.6,754.3,14.0,20.72564856,0
165.0,0.02,143.57,163.81,0.0,1005.6,900.9,28.0,26.200088,0
165.0,128.5,132.1,175.06,8.08,1005.8,746.6,28.0,46.38794528,0
178.03,129.8,118.6,179.94,3.57,1007.3,746.8,28.0,39.1622368,0
167.35,129.9,128.62,175.46,7.79,1006.3,746.6,28.0,41.20308576,0
172.38,13.61,172.37,156.76,4.14,1006.3,856.4,28.0,33.68779736,0
173.54,50.05,173.53,164.77,6.47,1006.2,793.5,28.0,38.20386516,0
167.0,75.4,167.0,164.03,7.91,1007.3,770.1,28.0,41.40992856,0
173.81,93.37,159.9,172.34,9.73,1007.2,746.6,28.0,37.81086384,0
190.34,0.0,125.18,166.61,9.88,1079.0,798.9,28.0,24.84871504,0
250.0,0.0,95.69,191.84,5.33,948.9,857.2,28.0,27.22051248,0
213.5,0.0,174.24,159.21,11.66,1043.6,771.9,28.0,44.63667624,0
194.68,0.0,100.52,170.17,7.48,998.0,901.8,28.0,37.2661778,0
251.37,0.0,118.27,192.94,5.75,1043.6,754.3,28.0,33.27411176,0
165.0,0.02,143.57,163.81,0.0,1005.6,900.9,56.0,36.56291228,0
165.0,128.5,132.1,175.06,8.08,1005.8,746.6,56.0,53.72396992,0
178.03,129.8,118.6,179.94,3.57,1007.3,746.8,56.0,48.58737372,0
167.35,129.9,128.62,175.46,7.79,1006.3,746.6,56.0,51.72448952,0
172.38,13.61,172.37,156.76,4.14,1006.3,856.4,56.0,35.852752,0
173.54,50.05,173.53,164.77,6.47,1006.2,793.5,56.0,53.77223324,0
167.0,75.4,167.0,164.03,7.91,1007.3,770.1,56.0,53.46196904,0
173.81,93.37,159.9,172.34,9.73,1007.2,746.6,56.0,48.9872698,0
190.34,0.0,125.18,166.61,9.88,1079.0,798.9,56.0,31.715896,0
250.0,0.0,95.69,191.84,5.33,948.9,857.2,56.0,39.64487,0
213.5,0.0,174.24,159.21,11.66,1043.6,771.9,56.0,51.25564584,0
194.68,0.0,100.52,170.17,7.48,998.0,901.8,56.0,43.38872468,0
251.37,0.0,118.27,192.94,5.75,1043.6,754.3,56.0,39.2656582,0
165.0,0.02,143.57,163.81,0.0,1005.6,900.9,100.0,37.95565379999999,0
165.0,128.5,132.1,175.06,8.08,1005.8,746.6,100.0,55.0201848,0
178.03,129.8,118.6,179.94,3.57,1007.3,746.8,100.0,49.99390476,0
167.35,129.9,128.62,175.46,7.79,1006.3,746.6,100.0,53.65502232,0
172.38,13.61,172.37,156.76,4.14,1006.3,856.4,100.0,37.6798634,0
173.54,50.05,173.53,164.77,6.47,1006.2,793.5,100.0,56.06129356,0
167.0,75.4,167.0,164.03,7.91,1007.3,770.1,100.0,56.8128224,0
173.81,93.37,159.9,172.34,9.73,1007.2,746.6,100.0,50.93848688,0
190.34,0.0,125.18,166.61,9.88,1079.0,798.9,100.0,33.56369168,0
250.0,0.0,95.69,191.84,5.33,948.9,857.2,100.0,41.16171720000001,0
213.5,0.0,174.24,159.21,11.66,1043.6,771.9,100.0,52.95865156,0
194.68,0.0,100.52,170.17,7.48,998.0,901.8,100.0,44.27814872,0
251.37,0.0,118.27,192.94,5.75,1043.6,754.3,100.0,40.14818748,0
446.0,24.0,79.0,162.0,11.61,967.0,712.0,28.0,57.02655996,0
446.0,24.0,79.0,162.0,11.64,967.0,712.0,28.0,44.42293868,0
446.0,24.0,79.0,162.0,11.64,967.0,712.0,28.0,51.021224,0
446.0,24.0,79.0,162.0,10.3,967.0,712.0,28.0,53.38612668,0
446.0,24.0,79.0,162.0,11.61,967.0,712.0,3.0,35.36322404,0
446.0,24.0,79.0,162.0,11.64,967.0,712.0,3.0,25.02108404,0
446.0,24.0,79.0,162.0,11.64,967.0,712.0,3.0,23.34565736,0
446.0,24.0,79.0,162.0,11.61,967.0,712.0,7.0,52.00717468,0
446.0,24.0,79.0,162.0,11.64,967.0,712.0,7.0,38.01770664,0
446.0,24.0,79.0,162.0,11.64,967.0,712.0,7.0,39.300132,0
446.0,24.0,79.0,162.0,11.61,967.0,712.0,56.0,61.06688932,0
446.0,24.0,79.0,162.0,11.64,967.0,712.0,56.0,56.14403068,0
446.0,24.0,79.0,162.0,11.64,967.0,712.0,56.0,55.25460664,0
446.0,24.0,79.0,162.0,10.3,967.0,712.0,56.0,54.76507868,0
387.0,20.0,94.0,157.0,14.32,938.0,845.0,28.0,50.23522136,0
387.0,20.0,94.0,157.0,13.93,938.0,845.0,28.0,46.68441996,0
387.0,20.0,94.0,157.0,11.61,938.0,845.0,28.0,46.68441996,0
387.0,20.0,94.0,157.0,14.32,938.0,845.0,3.0,22.752708,0
387.0,20.0,94.0,157.0,13.93,938.0,845.0,3.0,25.510612,0
387.0,20.0,94.0,157.0,11.61,938.0,845.0,3.0,34.77027468,0
387.0,20.0,94.0,157.0,14.32,938.0,845.0,7.0,36.83870268,0
387.0,20.0,94.0,157.0,13.93,938.0,845.0,7.0,45.89841732,0
387.0,20.0,94.0,157.0,11.61,938.0,845.0,7.0,41.66503468,0
387.0,20.0,94.0,157.0,14.32,938.0,845.0,56.0,56.33708396,0
387.0,20.0,94.0,157.0,13.93,938.0,845.0,56.0,47.96684532,0
387.0,20.0,94.0,157.0,11.61,938.0,845.0,56.0,61.45989064,0
355.0,19.0,97.0,145.0,13.13,967.0,871.0,28.0,44.02993736,0
355.0,19.0,97.0,145.0,12.25,967.0,871.0,28.0,55.45455468,0
491.0,26.0,123.0,210.0,3.93,882.0,699.0,28.0,55.55108132,0
491.0,26.0,123.0,201.0,3.93,822.0,699.0,28.0,57.915984,0
491.0,26.0,123.0,210.0,3.93,882.0,699.0,3.0,25.60910857,0
491.0,26.0,123.0,210.0,3.93,882.0,699.0,7.0,33.48883428,0
491.0,26.0,123.0,210.0,3.93,882.0,699.0,56.0,59.59042572,0
491.0,26.0,123.0,201.0,3.93,822.0,699.0,3.0,29.54897143,0
491.0,26.0,123.0,201.0,3.93,822.0,699.0,7.0,37.92118,0
491.0,26.0,123.0,201.0,3.93,822.0,699.0,56.0,61.85584685,0
424.0,22.0,132.0,178.0,8.48,822.0,750.0,28.0,62.05284,0
424.0,22.0,132.0,178.0,8.48,882.0,750.0,3.0,32.01138572,0
424.0,22.0,132.0,168.0,8.92,822.0,750.0,28.0,72.09850532,0
424.0,22.0,132.0,178.0,8.48,822.0,750.0,7.0,39.00464228,0
424.0,22.0,132.0,178.0,8.48,822.0,750.0,56.0,65.69721315,0
424.0,22.0,132.0,168.0,8.92,822.0,750.0,3.0,32.10988228,0
424.0,22.0,132.0,168.0,8.92,822.0,750.0,7.0,40.28509772,0
424.0,22.0,132.0,168.0,8.92,822.0,750.0,56.0,74.36491146,0
310.0,0.0,0.0,192.0,0.0,1012.0,830.0,3.0,11.85209244,0
310.0,0.0,0.0,192.0,0.0,1012.0,830.0,7.0,17.24379476,0
310.0,0.0,0.0,192.0,0.0,1012.0,830.0,28.0,27.82725136,0
310.0,0.0,0.0,192.0,0.0,1012.0,830.0,90.0,35.76312012,0
310.0,0.0,0.0,192.0,0.0,1012.0,830.0,120.0,38.70028788,0
331.0,0.0,0.0,192.0,0.0,1025.0,821.0,3.0,14.306627,0
331.0,0.0,0.0,192.0,0.0,1025.0,821.0,7.0,17.43684804,0
331.0,0.0,0.0,192.0,0.0,1025.0,821.0,28.0,31.74347504,0
331.0,0.0,0.0,192.0,0.0,1025.0,821.0,90.0,37.91428524,0
331.0,0.0,0.0,192.0,0.0,1025.0,821.0,120.0,39.38286912,0
349.0,0.0,0.0,192.0,0.0,1056.0,809.0,3.0,15.87173752,0
349.0,0.0,0.0,192.0,0.0,1056.0,809.0,7.0,9.01145132,0
349.0,0.0,0.0,192.0,0.0,1056.0,809.0,28.0,33.60506024,0
349.0,0.0,0.0,192.0,0.0,1056.0,809.0,90.0,40.65839972,0
349.0,0.0,0.0,192.0,0.0,1056.0,809.0,120.0,40.85834776,0
238.0,0.0,0.0,186.0,0.0,1119.0,789.0,7.0,12.05204048,0
238.0,0.0,0.0,186.0,0.0,1119.0,789.0,28.0,17.54026944,0
296.0,0.0,0.0,186.0,0.0,1090.0,769.0,7.0,18.91232668,0
296.0,0.0,0.0,186.0,0.0,1090.0,769.0,28.0,25.17966352,0
297.0,0.0,0.0,186.0,0.0,1040.0,734.0,7.0,30.9574724,0
480.0,0.0,0.0,192.0,0.0,936.0,721.0,28.0,43.89204216,0
480.0,0.0,0.0,192.0,0.0,936.0,721.0,90.0,54.27555072,0
397.0,0.0,0.0,186.0,0.0,1040.0,734.0,28.0,36.93522932,0
281.0,0.0,0.0,186.0,0.0,1104.0,774.0,7.0,14.49968028,0
281.0,0.0,0.0,185.0,0.0,1104.0,774.0,28.0,22.43554904,0
500.0,0.0,0.0,200.0,0.0,1125.0,613.0,1.0,12.63809508,0
500.0,0.0,0.0,200.0,0.0,1125.0,613.0,3.0,26.0621928,0
500.0,0.0,0.0,200.0,0.0,1125.0,613.0,7.0,33.21205892,0
500.0,0.0,0.0,200.0,0.0,1125.0,613.0,14.0,36.93522932,0
500.0,0.0,0.0,200.0,0.0,1125.0,613.0,28.0,44.0919902,0
540.0,0.0,0.0,173.0,0.0,1125.0,613.0,7.0,52.61391356,0
540.0,0.0,0.0,173.0,0.0,1125.0,613.0,14.0,59.76377968,0
540.0,0.0,0.0,173.0,0.0,1125.0,613.0,28.0,67.30664712,0
540.0,0.0,0.0,173.0,0.0,1125.0,613.0,90.0,69.65776028,0
540.0,0.0,0.0,173.0,0.0,1125.0,613.0,180.0,71.62276688,0
540.0,0.0,0.0,173.0,0.0,1125.0,613.0,270.0,74.16693332,0
350.0,0.0,0.0,203.0,0.0,974.0,775.0,7.0,18.12632404,0
350.0,0.0,0.0,203.0,0.0,974.0,775.0,14.0,22.53207568,0
350.0,0.0,0.0,203.0,0.0,974.0,775.0,28.0,27.3377234,0
350.0,0.0,0.0,203.0,0.0,974.0,775.0,56.0,29.97841648,0
350.0,0.0,0.0,203.0,0.0,974.0,775.0,90.0,31.35047372,0
350.0,0.0,0.0,203.0,0.0,974.0,775.0,180.0,32.72253096,0
385.0,0.0,0.0,186.0,0.0,966.0,763.0,1.0,6.26733684,0
385.0,0.0,0.0,186.0,0.0,966.0,763.0,3.0,14.69962832,0
385.0,0.0,0.0,186.0,0.0,966.0,763.0,7.0,23.22155168,0
385.0,0.0,0.0,186.0,0.0,966.0,763.0,14.0,27.923778,0
385.0,0.0,0.0,186.0,0.0,966.0,763.0,28.0,31.35047372,0
331.0,0.0,0.0,192.0,0.0,978.0,825.0,180.0,38.99676256,0
331.0,0.0,0.0,192.0,0.0,978.0,825.0,360.0,41.24445432,0
349.0,0.0,0.0,192.0,0.0,1047.0,806.0,3.0,14.98920824,0
331.0,0.0,0.0,192.0,0.0,978.0,825.0,3.0,13.52062436,0
382.0,0.0,0.0,186.0,0.0,1047.0,739.0,7.0,24.00065956,0
382.0,0.0,0.0,186.0,0.0,1047.0,739.0,28.0,37.42475728,0
382.0,0.0,0.0,186.0,0.0,1111.0,784.0,7.0,11.46598588,0
281.0,0.0,0.0,186.0,0.0,1104.0,774.0,28.0,22.43554904,0
339.0,0.0,0.0,185.0,0.0,1069.0,754.0,7.0,21.16001844,0
339.0,0.0,0.0,185.0,0.0,1069.0,754.0,28.0,31.84000168,0
295.0,0.0,0.0,185.0,0.0,1069.0,769.0,7.0,14.79615496,0
295.0,0.0,0.0,185.0,0.0,1069.0,769.0,28.0,25.17966352,0
238.0,0.0,0.0,185.0,0.0,1118.0,789.0,28.0,17.54026944,0
296.0,0.0,0.0,192.0,0.0,1085.0,765.0,7.0,14.2032056,0
296.0,0.0,0.0,192.0,0.0,1085.0,765.0,28.0,21.6495464,0
296.0,0.0,0.0,192.0,0.0,1085.0,765.0,90.0,29.39236188,0
331.0,0.0,0.0,192.0,0.0,879.0,825.0,3.0,13.52062436,0
331.0,0.0,0.0,192.0,0.0,978.0,825.0,7.0,16.26473884,0
331.0,0.0,0.0,192.0,0.0,978.0,825.0,28.0,31.44700036,0
331.0,0.0,0.0,192.0,0.0,978.0,825.0,90.0,37.231704,0
349.0,0.0,0.0,192.0,0.0,1047.0,806.0,7.0,18.12632404,0
349.0,0.0,0.0,192.0,0.0,1047.0,806.0,28.0,32.72253096,0
349.0,0.0,0.0,192.0,0.0,1047.0,806.0,90.0,39.48629052,0
349.0,0.0,0.0,192.0,0.0,1047.0,806.0,180.0,41.05140104,0
349.0,0.0,0.0,192.0,0.0,1047.0,806.0,360.0,42.1269836,0
302.0,0.0,0.0,203.0,0.0,974.0,817.0,14.0,18.12632404,0
302.0,0.0,0.0,203.0,0.0,974.0,817.0,180.0,26.74477404,0
525.0,0.0,0.0,189.0,0.0,1125.0,613.0,180.0,61.92183956,0
500.0,0.0,0.0,200.0,0.0,1125.0,613.0,90.0,47.22221124,0
500.0,0.0,0.0,200.0,0.0,1125.0,613.0,180.0,51.04190828,0
500.0,0.0,0.0,200.0,0.0,1125.0,613.0,270.0,55.15808000000001,0
540.0,0.0,0.0,173.0,0.0,1125.0,613.0,3.0,41.63745564,0
252.0,0.0,0.0,185.0,0.0,1111.0,784.0,7.0,13.71367764,0
252.0,0.0,0.0,185.0,0.0,1111.0,784.0,28.0,19.69143456,0
339.0,0.0,0.0,185.0,0.0,1060.0,754.0,28.0,31.6469484,0
393.0,0.0,0.0,192.0,0.0,940.0,758.0,3.0,19.10537996,0
393.0,0.0,0.0,192.0,0.0,940.0,758.0,28.0,39.58281716,0
393.0,0.0,0.0,192.0,0.0,940.0,758.0,90.0,48.79421652,0
382.0,0.0,0.0,185.0,0.0,1047.0,739.0,7.0,24.00065956,0
382.0,0.0,0.0,185.0,0.0,1047.0,739.0,28.0,37.42475728,0
252.0,0.0,0.0,186.0,0.0,1111.0,784.0,7.0,11.46598588,0
252.0,0.0,0.0,185.0,0.0,1111.0,784.0,28.0,19.69143456,0
310.0,0.0,0.0,192.0,0.0,970.0,850.0,7.0,14.98920824,0
310.0,0.0,0.0,192.0,0.0,970.0,850.0,28.0,27.923778,0
310.0,0.0,0.0,192.0,0.0,970.0,850.0,90.0,34.680642799999994,0
310.0,0.0,0.0,192.0,0.0,970.0,850.0,180.0,37.32823064,0
310.0,0.0,0.0,192.0,0.0,970.0,850.0,360.0,38.11423328,0
525.0,0.0,0.0,189.0,0.0,1125.0,613.0,3.0,33.79811352,0
525.0,0.0,0.0,189.0,0.0,1125.0,613.0,7.0,42.42345828,0
525.0,0.0,0.0,189.0,0.0,1125.0,613.0,14.0,48.4012152,0
525.0,0.0,0.0,189.0,0.0,1125.0,613.0,28.0,55.94408264,0
525.0,0.0,0.0,189.0,0.0,1125.0,613.0,90.0,58.78472376,0
525.0,0.0,0.0,189.0,0.0,1125.0,613.0,270.0,67.11359384,0
322.0,0.0,0.0,203.0,0.0,974.0,800.0,14.0,20.77391188,0
322.0,0.0,0.0,203.0,0.0,974.0,800.0,28.0,25.17966352,0
322.0,0.0,0.0,203.0,0.0,974.0,800.0,180.0,29.58541516,0
302.0,0.0,0.0,203.0,0.0,974.0,0.0,28.0,21.7529678,1
397.0,0.0,0.0,185.0,0.0,1040.0,0.0,28.0,39.09328920000001,1
480.0,0.0,0.0,192.0,0.0,936.0,0.0,3.0,24.39366088,1
522.0,0.0,0.0,146.0,0.0,896.0,0.0,7.0,50.51101176,1
522.0,0.0,0.0,146.0,0.0,896.0,0.0,28.0,74.98740976,1
273.0,105.0,82.0,210.0,9.0,904.0,0.0,28.0,37.16965116,1
162.0,190.0,148.0,179.0,19.0,838.0,0.0,28.0,33.75674496,1
154.0,144.0,112.0,220.0,10.0,923.0,0.0,28.0,16.49916068,1
147.0,115.0,89.0,202.0,9.0,860.0,0.0,28.0,19.98790924,1
152.0,178.0,139.0,168.0,18.0,944.0,0.0,28.0,36.34917472,1
310.0,143.0,111.0,168.0,22.0,914.0,0.0,28.0,33.68779736,1
144.0,0.0,175.0,158.0,18.0,943.0,0.0,28.0,15.41668336,1
304.0,140.0,0.0,214.0,6.0,895.0,0.0,28.0,33.41890172,1
374.0,0.0,0.0,190.0,7.0,1013.0,0.0,28.0,39.05192064,1
159.0,149.0,116.0,175.0,15.0,953.0,0.0,28.0,27.67556664,1
153.0,239.0,0.0,200.0,6.0,1002.0,0.0,28.0,26.8550902,1
310.0,143.0,0.0,168.0,10.0,914.0,0.0,28.0,45.2985732,1
305.0,0.0,100.0,196.0,10.0,959.0,0.0,28.0,30.12320644,1
151.0,0.0,184.0,167.0,12.0,991.0,0.0,28.0,15.56836808,1
142.0,167.0,130.0,174.0,11.0,883.0,0.0,28.0,44.6090972,1
298.0,137.0,107.0,201.0,6.0,878.0,0.0,28.0,53.52402188,1
321.0,164.0,0.0,190.0,5.0,870.0,0.0,28.0,57.21271848,1
366.0,187.0,0.0,191.0,7.0,824.0,0.0,28.0,65.90701084,1
280.0,129.0,100.0,172.0,9.0,825.0,0.0,28.0,52.82075636,1
252.0,97.0,76.0,194.0,8.0,835.0,0.0,28.0,33.39821744,1
165.0,0.0,150.0,182.0,12.0,1023.0,0.0,28.0,18.0297974,1
156.0,243.0,0.0,180.0,11.0,1022.0,0.0,28.0,37.36270444,1
160.0,188.0,146.0,203.0,11.0,829.0,0.0,28.0,32.83974188,1
298.0,0.0,107.0,186.0,6.0,879.0,0.0,28.0,42.63719584,1
318.0,0.0,126.0,210.0,6.0,861.0,0.0,28.0,40.05855560000001,1
287.0,121.0,94.0,188.0,9.0,904.0,0.0,28.0,41.94082508,1
326.0,166.0,0.0,174.0,9.0,882.0,0.0,28.0,61.23236356,1
356.0,0.0,142.0,193.0,11.0,801.0,0.0,28.0,40.86524252,1
132.0,207.0,161.0,179.0,5.0,867.0,0.0,28.0,33.3016908,1
322.0,149.0,0.0,186.0,8.0,951.0,0.0,28.0,52.42086028,1
164.0,0.0,200.0,181.0,13.0,849.0,0.0,28.0,15.08573488,1
314.0,0.0,113.0,170.0,10.0,925.0,0.0,28.0,38.45897128,1
321.0,0.0,128.0,182.0,11.0,870.0,0.0,28.0,37.25928304,1
140.0,164.0,128.0,237.0,6.0,869.0,0.0,28.0,35.22532884,1
288.0,121.0,0.0,177.0,7.0,908.0,0.0,28.0,42.13387836,1
298.0,0.0,107.0,210.0,11.0,880.0,0.0,28.0,31.87447548,1
265.0,111.0,86.0,195.0,6.0,833.0,0.0,28.0,41.540929,1
160.0,250.0,0.0,168.0,12.0,1049.0,0.0,28.0,39.45181672,1
166.0,260.0,0.0,183.0,13.0,859.0,0.0,28.0,37.91428524,1
276.0,116.0,90.0,180.0,9.0,870.0,0.0,28.0,44.27814872,1
322.0,0.0,116.0,196.0,10.0,818.0,0.0,28.0,31.17810472,1
149.0,139.0,109.0,193.0,6.0,892.0,0.0,28.0,23.69039536,1
159.0,187.0,0.0,176.0,11.0,990.0,0.0,28.0,32.76389952,1
261.0,100.0,78.0,201.0,9.0,864.0,0.0,28.0,32.39847724,1
237.0,92.0,71.0,247.0,6.0,853.0,0.0,28.0,28.62704352,1
313.0,0.0,113.0,178.0,8.0,1002.0,0.0,28.0,36.80422888,1
155.0,183.0,0.0,193.0,9.0,1047.0,0.0,28.0,18.28490352,1
146.0,230.0,0.0,202.0,3.0,827.0,0.0,28.0,33.0603742,1
296.0,0.0,107.0,221.0,11.0,819.0,0.0,28.0,31.41942132,1
133.0,210.0,0.0,196.0,3.0,949.0,0.0,28.0,31.02642,1
313.0,145.0,0.0,178.0,8.0,867.0,0.0,28.0,44.38846488,1
152.0,0.0,112.0,184.0,8.0,992.0,0.0,28.0,12.17614616,1
153.0,145.0,113.0,178.0,8.0,1002.0,0.0,28.0,25.55887532,1
140.0,133.0,103.0,200.0,7.0,916.0,0.0,28.0,36.4388066,1
149.0,236.0,0.0,176.0,13.0,847.0,0.0,28.0,32.9569528,1
300.0,0.0,120.0,212.0,10.0,878.0,0.0,28.0,23.83518532,1
153.0,145.0,113.0,178.0,8.0,867.0,0.0,28.0,26.22766704,1
148.0,0.0,137.0,158.0,16.0,1002.0,0.0,28.0,17.95395504,1
326.0,0.0,138.0,199.0,11.0,801.0,0.0,28.0,40.679084,1
153.0,145.0,0.0,178.0,8.0,1000.0,0.0,28.0,19.00885332,1
262.0,111.0,86.0,195.0,5.0,895.0,0.0,28.0,33.7153764,1
158.0,0.0,195.0,220.0,11.0,898.0,0.0,28.0,8.53571288,1
151.0,0.0,185.0,167.0,16.0,1074.0,0.0,28.0,13.45857152,1
273.0,0.0,90.0,199.0,11.0,931.0,0.0,28.0,32.23989776,1
149.0,118.0,92.0,183.0,7.0,953.0,0.0,28.0,23.51802636,1
143.0,169.0,143.0,191.0,8.0,967.0,0.0,28.0,29.72331036,1
260.0,101.0,78.0,171.0,10.0,936.0,0.0,28.0,49.77327244,1
313.0,161.0,0.0,178.0,10.0,917.0,0.0,28.0,52.44154456,1
284.0,120.0,0.0,168.0,7.0,970.0,0.0,28.0,40.93419012,1
336.0,0.0,0.0,182.0,3.0,986.0,0.0,28.0,44.86420332,1
145.0,0.0,134.0,181.0,11.0,979.0,0.0,28.0,13.19657064,1
150.0,237.0,0.0,174.0,12.0,1069.0,0.0,28.0,37.43165204,1
144.0,170.0,133.0,192.0,8.0,814.0,0.0,28.0,29.86810032,1
331.0,170.0,0.0,195.0,8.0,811.0,0.0,28.0,56.61287436,1
155.0,0.0,143.0,193.0,9.0,1047.0,0.0,28.0,12.45883132,1
155.0,183.0,0.0,193.0,9.0,877.0,0.0,28.0,23.786922,1
135.0,0.0,166.0,180.0,10.0,961.0,0.0,28.0,13.29309728,1
266.0,112.0,87.0,178.0,10.0,910.0,0.0,28.0,39.41734292,1
314.0,145.0,113.0,179.0,8.0,869.0,0.0,28.0,46.2293658,1
313.0,145.0,0.0,127.0,8.0,1000.0,0.0,28.0,44.51946532,1
146.0,173.0,0.0,182.0,3.0,986.0,0.0,28.0,23.73865868,1
144.0,136.0,106.0,178.0,7.0,941.0,0.0,28.0,26.14492992,1
148.0,0.0,182.0,181.0,15.0,839.0,0.0,28.0,15.52010476,1
277.0,117.0,91.0,191.0,7.0,946.0,0.0,28.0,43.5748832,1
298.0,0.0,107.0,164.0,13.0,953.0,0.0,28.0,35.85964676,1
313.0,145.0,0.0,178.0,8.0,1002.0,0.0,28.0,41.05140104,1
155.0,184.0,143.0,194.0,9.0,880.0,0.0,28.0,28.98557104,1
289.0,134.0,0.0,195.0,6.0,924.0,0.0,28.0,46.24315532,1
148.0,175.0,0.0,171.0,2.0,1000.0,0.0,28.0,26.91714304,1
145.0,0.0,179.0,202.0,8.0,824.0,0.0,28.0,10.53519328,1
313.0,0.0,0.0,178.0,8.0,1000.0,0.0,28.0,25.0969264,1
136.0,162.0,126.0,172.0,10.0,923.0,0.0,28.0,29.06830816,1
155.0,0.0,143.0,193.0,9.0,877.0,0.0,28.0,9.73540112,1
255.0,99.0,77.0,189.0,6.0,919.0,0.0,28.0,33.79811352,1
162.0,207.0,172.0,216.0,10.0,822.0,0.0,28.0,39.84481804,1
136.0,196.0,98.0,199.0,6.0,847.0,0.0,28.0,26.96540636,1
164.0,163.0,128.0,197.0,8.0,961.0,0.0,28.0,27.234302000000003,1
162.0,214.0,164.0,202.0,10.0,820.0,0.0,28.0,30.6472082,1
254.0,0.0,0.0,198.0,0.0,968.0,863.0,90.0,26.94472208,0
254.0,0.0,0.0,198.0,0.0,968.0,863.0,180.0,27.62730332,0
254.0,0.0,0.0,198.0,0.0,968.0,863.0,365.0,29.7853632,0
307.0,0.0,0.0,193.0,0.0,968.0,812.0,180.0,34.48758952,0
307.0,0.0,0.0,193.0,0.0,968.0,812.0,365.0,36.14922668,0
307.0,0.0,0.0,193.0,0.0,968.0,812.0,3.0,12.54156844,0
307.0,0.0,0.0,193.0,0.0,968.0,812.0,28.0,27.53077668,0
307.0,0.0,0.0,193.0,0.0,968.0,812.0,90.0,32.922479,0
236.0,0.0,0.0,193.0,0.0,968.0,885.0,7.0,9.99050724,0
200.0,0.0,0.0,180.0,0.0,1125.0,845.0,7.0,7.83934212,0
200.0,0.0,0.0,180.0,0.0,1125.0,845.0,28.0,12.24509376,0
225.0,0.0,0.0,181.0,0.0,1113.0,833.0,7.0,11.1695112,0
225.0,0.0,0.0,181.0,0.0,1113.0,833.0,28.0,17.340321399999997,0
325.0,0.0,0.0,184.0,0.0,1063.0,783.0,7.0,17.54026944,0
325.0,0.0,0.0,184.0,0.0,1063.0,783.0,28.0,30.57136584,0
275.0,0.0,0.0,183.0,0.0,1088.0,808.0,7.0,14.2032056,0
275.0,0.0,0.0,183.0,0.0,1088.0,808.0,28.0,24.49708228,0
300.0,0.0,0.0,184.0,0.0,1075.0,795.0,7.0,15.57526284,0
300.0,0.0,0.0,184.0,0.0,1075.0,795.0,28.0,26.84819544,0
375.0,0.0,0.0,186.0,0.0,1038.0,758.0,7.0,26.0621928,0
375.0,0.0,0.0,186.0,0.0,1038.0,758.0,28.0,38.21075992,0
400.0,0.0,0.0,187.0,0.0,1025.0,745.0,28.0,43.69898888,0
400.0,0.0,0.0,187.0,0.0,1025.0,745.0,7.0,30.14389072,0
250.0,0.0,0.0,182.0,0.0,1100.0,820.0,7.0,12.73462172,0
250.0,0.0,0.0,182.0,0.0,1100.0,820.0,28.0,20.87043852,0
350.0,0.0,0.0,186.0,0.0,1050.0,770.0,7.0,20.27748916,0
350.0,0.0,0.0,186.0,0.0,1050.0,770.0,28.0,34.29453624,0
203.5,305.3,0.0,203.5,0.0,963.4,630.0,7.0,19.53906036,0
250.2,166.8,0.0,203.5,0.0,977.6,694.1,90.0,47.7144971,0
157.0,236.0,0.0,192.0,0.0,935.4,781.2,90.0,43.37700359,0
141.3,212.0,0.0,203.5,0.0,971.8,748.5,28.0,29.89223198,0
166.8,250.2,0.0,203.5,0.0,975.6,692.6,3.0,6.902344236,0
122.6,183.9,0.0,203.5,0.0,958.2,800.1,90.0,33.19206412,0
183.9,122.6,0.0,203.5,0.0,959.2,800.0,3.0,4.903553312,0
102.0,153.0,0.0,192.0,0.0,887.0,942.0,3.0,4.565020596,0
102.0,153.0,0.0,192.0,0.0,887.0,942.0,90.0,25.46096973,0
122.6,183.9,0.0,203.5,0.0,958.2,800.1,28.0,24.29092896,0
166.8,250.2,0.0,203.5,0.0,975.6,692.6,28.0,33.94772981,0
200.0,133.0,0.0,192.0,0.0,965.4,806.2,3.0,11.41427518,0
108.3,162.4,0.0,203.5,0.0,938.2,849.0,28.0,20.59395864,0
305.3,203.5,0.0,203.5,0.0,965.4,631.0,7.0,25.89396066,0
108.3,162.4,0.0,203.5,0.0,938.2,849.0,90.0,29.23171397,0
116.0,173.0,0.0,192.0,0.0,909.8,891.9,90.0,31.02366210000001,0
141.3,212.0,0.0,203.5,0.0,971.8,748.5,7.0,10.3938507,0
157.0,236.0,0.0,192.0,0.0,935.4,781.2,28.0,33.66435518,0
133.0,200.0,0.0,192.0,0.0,927.4,839.2,28.0,27.8748252,0
250.2,166.8,0.0,203.5,0.0,977.6,694.1,7.0,19.35014394,0
173.0,116.0,0.0,192.0,0.0,946.8,856.8,7.0,11.39221195,0
192.0,288.0,0.0,192.0,0.0,929.8,716.1,3.0,12.78840085,0
192.0,288.0,0.0,192.0,0.0,929.8,716.1,28.0,39.32150576,0
153.0,102.0,0.0,192.0,0.0,888.0,943.1,3.0,4.782205536,0
288.0,192.0,0.0,192.0,0.0,932.0,717.8,3.0,16.10960674,0
305.3,203.5,0.0,203.5,0.0,965.4,631.0,28.0,43.37700359,0
236.0,157.0,0.0,192.0,0.0,972.6,749.1,7.0,20.41607384,0
173.0,116.0,0.0,192.0,0.0,946.8,856.8,3.0,6.940954892000001,0
212.0,141.3,0.0,203.5,0.0,973.4,750.0,7.0,15.0305768,0
236.0,157.0,0.0,192.0,0.0,972.6,749.1,3.0,13.565440300000002,0
183.9,122.6,0.0,203.5,0.0,959.2,800.0,90.0,32.53292506,0
166.8,250.2,0.0,203.5,0.0,975.6,692.6,7.0,15.74832132,0
102.0,153.0,0.0,192.0,0.0,887.0,942.0,7.0,7.675936308,0
288.0,192.0,0.0,192.0,0.0,932.0,717.8,28.0,38.80439876,0
212.0,141.3,0.0,203.5,0.0,973.4,750.0,28.0,33.00383717,0
102.0,153.0,0.0,192.0,0.0,887.0,942.0,28.0,17.27551066,0
173.0,116.0,0.0,192.0,0.0,946.8,856.8,28.0,24.28196577,0
183.9,122.6,0.0,203.5,0.0,959.2,800.0,28.0,24.04616498,0
133.0,200.0,0.0,192.0,0.0,927.4,839.2,90.0,36.58842289,0
192.0,288.0,0.0,192.0,0.0,929.8,716.1,90.0,50.73233356,0
133.0,200.0,0.0,192.0,0.0,927.4,839.2,7.0,13.66403537,0
305.3,203.5,0.0,203.5,0.0,965.4,631.0,3.0,14.14391066,0
236.0,157.0,0.0,192.0,0.0,972.6,749.1,90.0,47.78206575,0
108.3,162.4,0.0,203.5,0.0,938.2,849.0,3.0,2.331807832,0
157.0,236.0,0.0,192.0,0.0,935.4,781.2,7.0,16.889404100000004,0
288.0,192.0,0.0,192.0,0.0,932.0,717.8,7.0,23.52354217,0
212.0,141.3,0.0,203.5,0.0,973.4,750.0,3.0,6.808575500000001,0
212.0,141.3,0.0,203.5,0.0,973.4,750.0,90.0,39.70002808,0
153.0,102.0,0.0,192.0,0.0,888.0,943.1,28.0,17.96429718,0
236.0,157.0,0.0,192.0,0.0,972.6,749.1,28.0,32.88455782,0
116.0,173.0,0.0,192.0,0.0,909.8,891.9,28.0,22.34798559,0
183.9,122.6,0.0,203.5,0.0,959.2,800.0,7.0,10.7875415,0
108.3,162.4,0.0,203.5,0.0,938.2,849.0,7.0,7.723510152,0
203.5,305.3,0.0,203.5,0.0,963.4,630.0,28.0,41.68434001,0
203.5,305.3,0.0,203.5,0.0,963.4,630.0,3.0,9.561653168,0
133.0,200.0,0.0,192.0,0.0,927.4,839.2,3.0,6.8837283839999985,0
288.0,192.0,0.0,192.0,0.0,932.0,717.8,90.0,50.52686971,0
200.0,133.0,0.0,192.0,0.0,965.4,806.2,7.0,17.16588397,0
200.0,133.0,0.0,192.0,0.0,965.4,806.2,28.0,30.43967592,0
250.2,166.8,0.0,203.5,0.0,977.6,694.1,3.0,9.731264264,0
122.6,183.9,0.0,203.5,0.0,958.2,800.1,3.0,3.31982694,0
153.0,102.0,0.0,192.0,0.0,888.0,943.1,90.0,26.32281473,0
200.0,133.0,0.0,192.0,0.0,965.4,806.2,90.0,43.25082948,0
116.0,173.0,0.0,192.0,0.0,909.8,891.9,3.0,6.2804368839999976,0
173.0,116.0,0.0,192.0,0.0,946.8,856.8,90.0,32.10269204,0
250.2,166.8,0.0,203.5,0.0,977.6,694.1,28.0,36.96418731,0
305.3,203.5,0.0,203.5,0.0,965.4,631.0,90.0,54.59891496,0
192.0,288.0,0.0,192.0,0.0,929.8,716.1,7.0,21.48062478,0
157.0,236.0,0.0,192.0,0.0,935.4,781.2,3.0,9.694722036,0
153.0,102.0,0.0,192.0,0.0,888.0,943.1,7.0,8.374375496,0
141.3,212.0,0.0,203.5,0.0,971.8,748.5,90.0,39.6621069,0
116.0,173.0,0.0,192.0,0.0,909.8,891.9,7.0,10.08979178,0
141.3,212.0,0.0,203.5,0.0,971.8,748.5,3.0,4.827710952,0
122.6,183.9,0.0,203.5,0.0,958.2,800.1,7.0,10.35455057,0
166.8,250.2,0.0,203.5,0.0,975.6,692.6,90.0,43.56523054,0
203.5,305.3,0.0,203.5,0.0,963.4,630.0,90.0,51.86376367,0
157.0,214.0,152.0,200.0,9.0,819.0,704.0,28.0,33.05347944,0
149.0,153.0,194.0,192.0,8.0,935.0,623.0,28.0,24.5798194,0
135.0,105.0,193.0,196.0,6.0,965.0,643.0,28.0,21.91154728,0
159.0,209.0,161.0,201.0,7.0,848.0,669.0,28.0,30.88163004,0
144.0,15.0,195.0,176.0,6.0,1021.0,709.0,28.0,15.340841,0
154.0,174.0,185.0,228.0,7.0,845.0,612.0,28.0,24.3385028,0
167.0,187.0,195.0,185.0,7.0,898.0,636.0,28.0,23.8903434,0
184.0,86.0,190.0,213.0,6.0,923.0,623.0,28.0,22.93197176,0
156.0,178.0,187.0,221.0,7.0,854.0,614.0,28.0,29.41304616,0
236.9,91.7,71.5,246.9,6.0,852.9,695.4,28.0,28.62980142,0
313.3,0.0,113.0,178.5,8.0,1001.9,688.7,28.0,36.80491836,0
154.8,183.4,0.0,193.3,9.1,1047.4,696.7,28.0,18.28766142,0
145.9,230.5,0.0,202.5,3.4,827.0,871.8,28.0,32.72046253,0
296.0,0.0,106.7,221.4,10.5,819.2,778.4,28.0,31.4201108,0
133.1,210.2,0.0,195.7,3.1,949.4,795.3,28.0,28.9379972,0
313.3,145.0,0.0,178.5,8.0,867.2,824.0,28.0,40.92522693,0
151.6,0.0,111.9,184.4,7.9,992.0,815.9,28.0,12.18097249,0
153.1,145.0,113.0,178.5,8.0,1001.9,688.7,28.0,25.5595648,0
139.9,132.6,103.3,200.3,7.4,916.0,753.4,28.0,36.44363293,0
149.5,236.0,0.0,175.8,12.6,846.8,892.7,28.0,32.96384756,0
299.8,0.0,119.8,211.5,9.9,878.2,727.6,28.0,23.83587480000001,0
153.1,145.0,113.0,178.5,8.0,867.2,824.0,28.0,26.23318285,0
148.1,0.0,136.6,158.1,16.1,1001.8,830.1,28.0,17.95947085,0
326.5,0.0,137.9,199.0,10.8,801.1,792.5,28.0,38.6306508,0
152.7,144.7,0.0,178.1,8.0,999.7,822.2,28.0,19.0095428,0
261.9,110.5,86.1,195.4,5.0,895.2,732.6,28.0,33.71882378,0
158.4,0.0,194.9,219.7,11.0,897.7,712.9,28.0,8.536402356,0
150.7,0.0,185.3,166.7,15.6,1074.5,678.0,28.0,13.46132942,0
272.6,0.0,89.6,198.7,10.6,931.3,762.2,28.0,32.24541357,0
149.0,117.6,91.7,182.9,7.1,953.4,780.3,28.0,23.52423164,0
143.0,169.4,142.7,190.7,8.4,967.4,643.5,28.0,29.72606826,0
259.9,100.6,78.4,170.6,10.4,935.7,762.9,28.0,49.77327244,0
312.9,160.5,0.0,177.6,9.6,916.6,759.5,28.0,52.44637089,0
284.0,119.7,0.0,168.3,7.2,970.4,794.2,28.0,40.9348796,0
336.5,0.0,0.0,181.9,3.4,985.8,816.8,28.0,44.86834018,0
144.8,0.0,133.6,180.8,11.1,979.5,811.5,28.0,13.20208645,0
150.0,236.8,0.0,173.8,11.9,1069.3,674.8,28.0,37.43165204,0
143.7,170.2,132.6,191.6,8.5,814.1,805.3,28.0,29.87085822,0
330.5,169.6,0.0,194.9,8.1,811.0,802.3,28.0,56.61907964,0
154.8,0.0,142.8,193.3,9.1,1047.4,696.7,28.0,12.459520800000002,0
154.8,183.4,0.0,193.3,9.1,877.2,867.7,28.0,23.786922,0
134.7,0.0,165.7,180.2,10.0,961.0,804.9,28.0,13.29378676,0
266.2,112.3,87.5,177.9,10.4,909.7,744.5,28.0,39.42147978,0
314.0,145.3,113.2,178.9,8.0,869.1,690.2,28.0,46.23419213,0
312.7,144.7,0.0,127.3,8.0,999.7,822.2,28.0,44.52360218,0
145.7,172.6,0.0,181.9,3.4,985.8,816.8,28.0,23.74417449,0
143.8,136.3,106.2,178.1,7.5,941.5,774.3,28.0,26.14768782,0
148.1,0.0,182.1,181.4,15.0,838.9,884.3,28.0,15.52631004,0
277.0,116.8,91.0,190.6,7.0,946.5,665.6,28.0,43.57833058,0
298.1,0.0,107.5,163.6,12.8,953.2,784.0,28.0,35.86585204,0
313.3,145.0,0.0,178.5,8.0,1001.9,688.7,28.0,41.05346947,0
155.2,183.9,143.2,193.8,9.2,879.6,698.5,28.0,28.99108685,0
289.0,133.7,0.0,194.9,5.5,924.1,760.1,28.0,46.24729218,0
147.8,175.1,0.0,171.2,2.2,1000.0,828.5,28.0,26.92265885,0
145.4,0.0,178.9,201.7,7.8,824.0,868.7,28.0,10.53588276,0
312.7,0.0,0.0,178.1,8.0,999.7,822.2,28.0,25.10382116,0
136.4,161.6,125.8,171.6,10.4,922.6,764.4,28.0,29.07313449,0
154.8,0.0,142.8,193.3,9.1,877.2,867.7,28.0,9.738159024,0
255.3,98.8,77.0,188.6,6.5,919.0,749.3,28.0,33.798803,0
272.8,105.1,81.8,209.7,9.0,904.0,679.7,28.0,37.17103011,0
162.0,190.1,148.1,178.8,18.8,838.1,741.4,28.0,33.76226077,0
153.6,144.2,112.3,220.1,10.1,923.2,657.9,28.0,16.50398701,0
146.5,114.6,89.3,201.9,8.8,860.0,829.5,28.0,19.98790924,0
151.8,178.1,138.7,167.5,18.3,944.0,694.6,28.0,36.349864200000006,0
309.9,142.8,111.2,167.8,22.1,913.9,651.2,28.0,38.21558625,0
143.6,0.0,174.9,158.4,17.9,942.7,844.5,28.0,15.42357812,0
303.6,139.9,0.0,213.5,6.2,895.5,722.5,28.0,33.4195912,0
374.3,0.0,0.0,190.2,6.7,1013.2,730.4,28.0,39.0560575,0
158.6,148.9,116.0,175.1,15.0,953.3,719.7,28.0,27.68108245,0
152.6,238.7,0.0,200.0,6.3,1001.8,683.9,28.0,26.85991653,0
310.0,142.8,0.0,167.9,10.0,914.3,804.0,28.0,45.30477848,0
304.8,0.0,99.6,196.0,9.8,959.4,705.2,28.0,30.12320644,0
150.9,0.0,183.9,166.6,11.6,991.2,772.2,28.0,15.56974703,0
141.9,166.6,129.7,173.5,10.9,882.6,785.3,28.0,44.61185510000001,0
297.8,137.2,106.9,201.3,6.0,878.4,655.3,28.0,53.52471136,0
321.3,164.2,0.0,190.5,4.6,870.0,774.0,28.0,57.21823429,0
366.0,187.0,0.0,191.3,6.6,824.3,756.9,28.0,65.90907927,0
279.8,128.9,100.4,172.4,9.5,825.1,804.9,28.0,52.82696164,0
252.1,97.1,75.6,193.8,8.3,835.5,821.4,28.0,33.39959639,0
164.6,0.0,150.4,181.6,11.7,1023.3,728.9,28.0,18.03393426,0
155.6,243.5,0.0,180.3,10.7,1022.0,697.7,28.0,37.36339392,0
160.2,188.0,146.4,203.2,11.3,828.7,709.7,28.0,35.31427124,0
298.1,0.0,107.0,186.4,6.1,879.0,815.2,28.0,42.6440906,0
317.9,0.0,126.5,209.7,5.7,860.5,736.6,28.0,40.06200298,0
287.3,120.5,93.9,187.6,9.2,904.4,695.9,28.0,43.79827342,0
325.6,166.4,0.0,174.0,8.9,881.6,790.0,28.0,61.23581094,0
355.9,0.0,141.6,193.3,11.0,801.4,778.4,28.0,40.8686899,0
132.0,206.5,160.9,178.9,5.5,866.9,735.6,28.0,33.30651713,0
322.5,148.6,0.0,185.8,8.5,951.0,709.5,28.0,52.42637609,0
164.2,0.0,200.1,181.2,12.6,849.3,846.0,28.0,15.09125069,0
313.8,0.0,112.6,169.9,10.1,925.3,782.9,28.0,38.46103971,0
321.4,0.0,127.9,182.5,11.5,870.1,779.7,28.0,37.26548832,0
139.7,163.9,127.7,236.7,5.8,868.6,655.6,28.0,35.22532884,0
288.4,121.0,0.0,177.4,7.0,907.9,829.5,28.0,42.14008364,0
298.2,0.0,107.0,209.7,11.1,879.6,744.2,28.0,31.87516496,0
264.5,111.0,86.5,195.5,5.9,832.6,790.4,28.0,41.54230795,0
159.8,250.0,0.0,168.4,12.2,1049.3,688.2,28.0,39.45595358,0
166.0,259.7,0.0,183.2,12.7,858.8,826.8,28.0,37.91704314,0
276.4,116.0,90.3,179.6,8.9,870.1,768.3,28.0,44.284354,0
322.2,0.0,115.6,196.0,10.4,817.9,813.4,28.0,31.1787942,0
148.5,139.4,108.6,192.7,6.1,892.4,780.0,28.0,23.69660064,0
159.1,186.7,0.0,175.6,11.3,989.6,788.9,28.0,32.76803638,0
260.9,100.5,78.3,200.6,8.6,864.5,761.5,28.0,32.40123514,0
